{
  "funding_campaign": {
    "title": "FutureBridge Crowdfunding",
    "slogan": "Empowering Education, Innovation, and Lives",
    "description": "FutureBridge is an initiative designed to raise funds for impactful technology projects that drive educational and business innovations in Bangladesh.",
    "target_amount": 2000,
    "current_funds": 0,
    "deadline": "2025-05-08",
    "funding_sources": ["Individuals", "Organizations", "Crowdfunding"],
    "payment_methods": ["Bank Transfer", "Mobile Wallet", "PayPal", "Crypto"],
    "contributors": [],
    "updates": [
      {"date": "2025-05-01", "message": "Campaign launched!"},
      {"date": "2025-05-03", "message": "First contributions received!"}
    ]
  }
}