{
  "users": [
    {
      "id": "PA-MCB001",
      "name": "Shintiya Rahman",
      "position": "Personal Assistant (Day Shift)",
      "password": "37341087681",
      "email": "pa1@trusted-ally.org",
      "joinDate": "2022-05-15",
      "phone": "+880 1712-345678",
      "address": "House 42, Road 3, Block B, Banani, Dhaka",
      "education": "Bachelor of Business Administration, University of Dhaka",
      "skills": ["Administrative Support", "Time Management", "Communication", "MS Office Suite", "Event Planning"]
    },
    {
      "id": "PA-MCB002",
      "name": "Farhan Ahmed",
      "position": "Personal Assistant (Evening Shift)",
      "password": "37341087682",
      "email": "pa2@trusted-ally.org",
      "joinDate": "2022-06-20",
      "phone": "+880 1812-456789",
      "address": "Apartment 5A, Green Heights, Gulshan-2, Dhaka",
      "education": "Master of Business Administration, North South University",
      "skills": ["Document Management", "Scheduling", "Client Relations", "Data Analysis", "Problem Solving"]
    },
    {
      "id": "PA-MCB003",
      "name": "Tasnim Akter",
      "position": "Personal Assistant (Night Shift)",
      "password": "37341087683",
      "email": "pa3@trusted-ally.org",
      "joinDate": "2022-07-10",
      "phone": "+880 1912-567890",
      "address": "House 15, Road 7, Sector 4, Uttara, Dhaka",
      "education": "Bachelor of Arts in English, BRAC University",
      "skills": ["Crisis Management", "Multitasking", "Adaptability", "Technical Support", "Report Writing"]
    },
    {
      "id": "OM-MCB004",
      "name": "Rafiqul Islam",
      "position": "Operations Manager",
      "password": "37341087684",
      "email": "operations@trusted-ally.org",
      "joinDate": "2021-11-05",
      "phone": "+880 1612-678901",
      "address": "House 27, Road 12, Dhanmondi, Dhaka",
      "education": "MBA in Operations Management, IBA, University of Dhaka",
      "skills": ["Strategic Planning", "Team Leadership", "Process Optimization", "Risk Management", "Budget Planning"]
    },
    {
      "id": "FM-MCB005",
      "name": "Nusrat Jahan",
      "position": "Finance Manager",
      "password": "37341087685",
      "email": "finance@trusted-ally.org",
      "joinDate": "2021-12-15",
      "phone": "+880 1512-789012",
      "address": "Flat B3, Lake View Apartments, Gulshan-1, Dhaka",
      "education": "Master of Finance, University of Dhaka",
      "skills": ["Financial Analysis", "Budgeting", "Forecasting", "Accounting", "Investment Management"]
    },
    {
      "id": "CC-MCB006",
      "name": "Imran Hossain",
      "position": "Communication Coordinator",
      "password": "37341087686",
      "email": "communications@trusted-ally.org",
      "joinDate": "2022-02-10",
      "phone": "+880 1312-890123",
      "address": "House 8, Road 5, Block C, Bashundhara R/A, Dhaka",
      "education": "Master of Mass Communication, University of Dhaka",
      "skills": [
        "Public Relations",
        "Content Creation",
        "Social Media Management",
        "Crisis Communication",
        "Event Coordination"
      ]
    },
    {
      "id": "TDM-MCB007",
      "name": "Sabrina Khan",
      "position": "Training Development Manager",
      "password": "37341087687",
      "email": "training@trusted-ally.org",
      "joinDate": "2022-03-20",
      "phone": "+880 1412-901234",
      "address": "House 35, Road 9, Mohammadpur, Dhaka",
      "education": "PhD in Education, BRAC University",
      "skills": [
        "Curriculum Development",
        "Training Facilitation",
        "Needs Assessment",
        "E-Learning Design",
        "Performance Evaluation"
      ]
    },
    {
      "id": "IT-MCB008",
      "name": "Mahfuz Rahman",
      "position": "IT Support Member",
      "password": "37341087688",
      "email": "itsupport@trusted-ally.org",
      "joinDate": "2022-04-05",
      "phone": "+880 1612-012345",
      "address": "Apartment 7C, Sky Tower, Mirpur-10, Dhaka",
      "education": "BSc in Computer Science, Bangladesh University of Engineering and Technology",
      "skills": [
        "Network Administration",
        "Hardware Troubleshooting",
        "Software Support",
        "Cybersecurity",
        "Database Management"
      ]
    },
    {
      "id": "DRC-MCB009",
      "name": "Farzana Akter",
      "position": "District Coordinator",
      "password": "37341087689",
      "email": "district@trusted-ally.org",
      "joinDate": "2022-01-15",
      "phone": "+880 1712-123456",
      "address": "House 12, Road 4, Sector 7, Uttara, Dhaka",
      "education": "Master of Public Administration, Jahangirnagar University",
      "skills": [
        "Community Engagement",
        "Project Coordination",
        "Field Operations",
        "Stakeholder Management",
        "Reporting"
      ]
    },
    {
      "id": "PM-MCB010",
      "name": "Tanvir Ahmed",
      "position": "Project Manager",
      "password": "373410876810",
      "email": "projects@trusted-ally.org",
      "joinDate": "2021-10-10",
      "phone": "+880 1812-234567",
      "address": "House 56, Road 11, Banani, Dhaka",
      "education": "Master of Project Management, North South University",
      "skills": [
        "Project Planning",
        "Resource Management",
        "Stakeholder Communication",
        "Risk Assessment",
        "Quality Control"
      ]
    },
    {
      "id": "BOD-001",
      "name": "Dr. Mohammad Rahman",
      "position": "Chairman, Board of Directors",
      "password": "373410876801",
      "email": "chairman@trusted-ally.org",
      "joinDate": "2020-01-15",
      "phone": "+880 1711-123456",
      "address": "House 75, Road 5, Gulshan-1, Dhaka",
      "education": "PhD in Business Administration, Harvard University",
      "skills": ["Strategic Leadership", "Corporate Governance", "Philanthropy", "Public Speaking", "Networking"]
    },
    {
      "id": "BOD-002",
      "name": "Aisha Begum",
      "position": "Vice Chairman, Board of Directors",
      "password": "373410876802",
      "email": "vicechairman@trusted-ally.org",
      "joinDate": "2020-01-15",
      "phone": "+880 1811-234567",
      "address": "House 12, Road 7, Baridhara, Dhaka",
      "education": "Master of Public Administration, London School of Economics",
      "skills": ["Policy Development", "Stakeholder Management", "Strategic Planning", "Fundraising", "Advocacy"]
    },
    {
      "id": "BOD-003",
      "name": "Kamal Hossain",
      "position": "Treasurer, Board of Directors",
      "password": "373410876803",
      "email": "treasurer@trusted-ally.org",
      "joinDate": "2020-02-10",
      "phone": "+880 1911-345678",
      "address": "Apartment 8B, Lake View, Gulshan-2, Dhaka",
      "education": "Master of Finance, University of Oxford",
      "skills": ["Financial Management", "Investment Strategy", "Risk Assessment", "Budgeting", "Audit Oversight"]
    },
    {
      "id": "BOD-004",
      "name": "Dr. Fatima Khan",
      "position": "Secretary, Board of Directors",
      "password": "373410876804",
      "email": "secretary@trusted-ally.org",
      "joinDate": "2020-02-15",
      "phone": "+880 1611-456789",
      "address": "House 35, Road 9, Banani, Dhaka",
      "education": "PhD in Social Sciences, University of Cambridge",
      "skills": ["Documentation", "Compliance", "Governance", "Communication", "Meeting Management"]
    },
    {
      "id": "BOD-005",
      "name": "Abdul Karim",
      "position": "Member, Board of Directors",
      "password": "373410876805",
      "email": "member1@trusted-ally.org",
      "joinDate": "2020-03-10",
      "phone": "+880 1511-567890",
      "address": "House 22, Road 4, Dhanmondi, Dhaka",
      "education": "Master of Business Administration, Stanford University",
      "skills": [
        "Strategic Planning",
        "Business Development",
        "Corporate Social Responsibility",
        "Mentoring",
        "Innovation"
      ]
    },
    {
      "id": "BOD-006",
      "name": "Nasreen Chowdhury",
      "position": "Member, Board of Directors",
      "password": "373410876806",
      "email": "member2@trusted-ally.org",
      "joinDate": "2020-03-15",
      "phone": "+880 1311-678901",
      "address": "House 45, Road 8, Uttara, Dhaka",
      "education": "Master of International Relations, Columbia University",
      "skills": [
        "International Partnerships",
        "Diplomacy",
        "Cross-cultural Communication",
        "Project Evaluation",
        "Policy Analysis"
      ]
    },
    {
      "id": "BOD-007",
      "name": "Dr. Rashid Ahmed",
      "position": "Member, Board of Directors",
      "password": "373410876807",
      "email": "member3@trusted-ally.org",
      "joinDate": "2020-04-10",
      "phone": "+880 1411-789012",
      "address": "House 18, Road 6, Mirpur DOHS, Dhaka",
      "education": "PhD in Environmental Science, Massachusetts Institute of Technology",
      "skills": [
        "Environmental Sustainability",
        "Research",
        "Academic Partnerships",
        "Grant Writing",
        "Scientific Advisory"
      ]
    },
    {
      "id": "BOD-008",
      "name": "Tahmina Akter",
      "position": "Member, Board of Directors",
      "password": "373410876808",
      "email": "member4@trusted-ally.org",
      "joinDate": "2020-04-15",
      "phone": "+880 1211-890123",
      "address": "House 30, Road 10, Mohammadpur, Dhaka",
      "education": "Master of Education, University of Toronto",
      "skills": [
        "Educational Program Development",
        "Community Outreach",
        "Youth Empowerment",
        "Volunteer Management",
        "Impact Assessment"
      ]
    }
  ]
}
